{
  "iterations": 5,
  "startup_times_ms": {
    "average": 5.417627806309611,
    "minimum": 3.315678972285241,
    "maximum": 8.628029027022421,
    "all_times": [
      8.628029027022421,
      6.326158007141203,
      5.460962012875825,
      3.357311012223363,
      3.315678972285241
    ]
  },
  "import_times_ms": {
    "average": 109.2828698339872,
    "all_times": [
      539.5608000108041,
      1.6398170264437795,
      1.5405530575662851,
      1.07686995761469,
      2.5963091175071895
    ]
  },
  "memory_mb": {
    "average_peak": 0.32236461639404296,
    "all_peaks": [
      0.4686279296875,
      0.29061412811279297,
      0.28449153900146484,
      0.2841320037841797,
      0.28395748138427734
    ]
  },
  "timestamp": "2025-08-01T05:16:27.797867",
  "benchmark_version": "1.0.0",
  "python_version": "3.12.3 (main, Jun 18 2025, 17:59:45) [GCC 13.3.0]"
}