{"inclusive_performance": 0.5637388587194186, "exclusive_performance": 0.5297763395377313, "naive_performance": 0.5177147355113659, "coverage": 0.1414292404743541, "target_leak": false, "ground_truth_inclusive_performance": 0.8434973086005517, "ground_truth_exclusive_performance": 0.8539766718877961}