{"solution_name": "Customer retention solved by ground_truth", "inclusive_performance": 0.8434973086005517, "exclusive_performance": 0.8539766718877961, "naive_performance": 0.5177147355113659}