{"solution_name": "Customer retention solved by agent1", "inclusive_performance": 0.6619729508392237, "exclusive_performance": 0.6775687559135254, "naive_performance": 0.5177147355113659}