{"inclusive_performance": 0.895728444317786, "exclusive_performance": 0.8844400113992591, "naive_performance": 0.726243627497546, "coverage": 0.7264116769558214, "target_leak": false, "ground_truth_inclusive_performance": 0.9328829042778886, "ground_truth_exclusive_performance": 0.9318260979702986}