{"solution_name": "Late Shipment Prediction solved by ground_truth", "inclusive_performance": 0.9328829042778886, "exclusive_performance": 0.9318260979702986, "naive_performance": 0.726243627497546}