{"inclusive_performance": 0.8051082929609575, "exclusive_performance": 0.7935586270225768, "naive_performance": 0.726243627497546, "coverage": 0.3680520132245514, "target_leak": false, "ground_truth_inclusive_performance": 0.9328829042778886, "ground_truth_exclusive_performance": 0.9318260979702986}