{"timestamp": 1753665269.942203, "dataset": "small", "config": {"N": 10000, "D": 64, "k": 10}, "repeats": 50, "rust_annie": {"build_time": 0.002429156999994575, "build_memory_mb": 3.375, "search_times": [0.0004348719999995865, 0.000294319999994741, 0.0003106599999966875, 0.00031694200001197714, 0.00031550899998933346, 0.0003222819999848525, 0.00030200399999102956, 0.00031624299998611605, 0.00029271600001834486, 0.00029709500000763, 0.00030730299999959243, 0.0002931869999827086, 0.00029327800001510695, 0.0003301159999864467, 0.0002955420000034792, 0.00032316400000809153, 0.00031761299999288894, 0.00031441599998061065, 0.00031645100000332604, 0.00030171299999892653, 0.00033853200000066863, 0.00030122199999027544, 0.00029127400000561465, 0.0003371200000117369, 0.000315940000007231, 0.0002914940000096067, 0.0003252669999938007, 0.0003117219999921872, 0.00028352900000072623, 0.0002945300000192219, 0.0003076449999923625, 0.00029950000001122135, 0.00032982600001219, 0.00030417799999327144, 0.0003162200000019766, 0.0003119019999928696, 0.0003341540000008081, 0.00030888699998854463, 0.0003213999999900352, 0.00031047999999600506, 0.0003095179999945685, 0.0002992690000098719, 0.0003089869999826078, 0.0003104290000237597, 0.00030850600001031125, 0.00032228200001327423, 0.00031722200000672274, 0.0003170720000014171, 0.00031536899999196066, 0.0003153190000091399], "search_avg": 0.0003130844200001093, "search_p50": 0.00031119099999443733, "search_p95": 0.00033578530000681893, "search_p99": 0.00038766540000011656}, "sklearn": {"build_time": 0.0005323839999960001, "build_memory_mb": 0.0, "search_avg": 0.0012237414399976388, "search_p50": 0.0005751134999911756}, "faiss": {"build_time": 0.0010338900000022022, "build_memory_mb": 2.25, "search_avg": 7.019138000146086e-05, "search_p50": 6.834749999029555e-05}, "annoy": {"build_time": 0.06036016699999891, "build_memory_mb": 5.93359375, "search_avg": 1.6260119999174094e-05, "search_p50": 1.5588999985993723e-05}}