{"timestamp": 1753717482.212835, "dataset": "small", "config": {"N": 10000, "D": 64, "k": 10}, "repeats": 50, "rust_annie": {"build_time": 0.0023288669999601552, "build_memory_mb": 3.39453125, "search_times": [0.00041677300009723695, 0.00030364499980350956, 0.0002982649998557463, 0.00028570200015565206, 0.00031355399983112875, 0.00030286399987744517, 0.00031829199997446267, 0.0003106879998995282, 0.00029987800007802434, 0.00028512099993349693, 0.00031060800006343925, 0.0003393119998236216, 0.00029356699997151736, 0.0002947489999769459, 0.00032283100017593824, 0.00029545100005634595, 0.0003141150000374182, 0.00030962699997871823, 0.0003063100000417762, 0.00031198100009532936, 0.0003111100002115563, 0.0003302650000023277, 0.0003038459999515908, 0.0003007899999829533, 0.0003179919999638514, 0.00029118199995537, 0.0003083040001001791, 0.000295549999918876, 0.0002930460000243329, 0.00030106099984550383, 0.00032510599999113765, 0.0002914520000558696, 0.00028500099983830296, 0.0003143490000638849, 0.0002917730000717711, 0.00027016300009563565, 0.0003067210000153864, 0.0003447120000146242, 0.00028968900005565956, 0.00028477099999690836, 0.00032171900011235266, 0.00032124799986377184, 0.0003159079999477399, 0.00032350199990105466, 0.00031128999989959993, 0.0002984759998980735, 0.00029556100002992025, 0.00031592799996360554, 0.00030662200015285634, 0.00033607599993956683], "search_avg": 0.0003087309199918309, "search_p50": 0.00030667150008412136, "search_p95": 0.0003378557998757969, "search_p99": 0.00038146311005675653}, "sklearn": {"build_time": 0.0005805909997889103, "build_memory_mb": 0.0, "search_avg": 0.0011678360799896837, "search_p50": 0.000582875999953103}, "faiss": {"build_time": 0.0010871140000290325, "build_memory_mb": 2.375, "search_avg": 7.579579999855923e-05, "search_p50": 6.980999989991687e-05}, "annoy": {"build_time": 0.060106270999995104, "build_memory_mb": 7.59765625, "search_avg": 1.6378980003537435e-05, "search_p50": 1.546400005736359e-05}}