{"timestamp": 1753081690.799415, "dataset": "small", "config": {"N": 10000, "D": 64, "k": 10}, "repeats": 50, "rust_annie": {"build_time": 0.0024247190001460694, "build_memory_mb": 3.39453125, "search_times": [0.0004187449999335513, 0.0003134769999633136, 0.0002902640001138934, 0.00040116200011652836, 0.00030131500011520984, 0.0003358169999501115, 0.0002892219999921508, 0.0003887589998612384, 0.00027886199995919014, 0.000317494999990231, 0.0003193889999693056, 0.00030065299984016747, 0.00028253900018171407, 0.00025174200004585146, 0.0002542659999562602, 0.00025735199983500934, 0.0002949229999558156, 0.0002727309999954741, 0.00027327199995852425, 0.0002880590000131633, 0.000261780000073486, 0.0002941620000456169, 0.0002850640000815474, 0.000309759999936432, 0.00029694599993490556, 0.0002733430001171655, 0.000300944000173331, 0.0002719500000694097, 0.0002873490000183665, 0.0002952529998765385, 0.00029639499985023576, 0.00029701699986617314, 0.00030003200004102837, 0.0003001030001996696, 0.0002839020000919845, 0.0002873990001717175, 0.00030066299996178714, 0.0002794439999433962, 0.00027841199994327326, 0.0002917969998179615, 0.00030909900010556157, 0.00029258799986564554, 0.0002807160001339071, 0.00036495700010164, 0.00039917799995237147, 0.000310522000063429, 0.0003222639998057275, 0.0002966360000300483, 0.00028383199992276786, 0.00029955099989820155], "search_avg": 0.0003016220399968006, "search_p50": 0.00029508799991617707, "search_p95": 0.00039448944991136157, "search_p99": 0.00041012933002321}, "sklearn": {"build_time": 0.0006126079999830836, "build_memory_mb": 0.0, "search_avg": 0.0014059959999940474, "search_p50": 0.0005828165000139052}, "faiss": {"build_time": 0.0010174070000630309, "build_memory_mb": 2.390625, "search_avg": 7.753269998829637e-05, "search_p50": 7.033649990262347e-05}, "annoy": {"build_time": 0.06046496199996909, "build_memory_mb": 5.875, "search_avg": 1.6203180025513574e-05, "search_p50": 1.557900009174773e-05}}