{"timestamp": 1752974152.347007, "dataset": "small", "config": {"N": 10000, "D": 64, "k": 10}, "repeats": 50, "rust_annie": {"build_time": 0.002263216000073953, "build_memory_mb": 3.125, "search_times": [0.0005608300000403688, 0.0004631470000049376, 0.00047322600005372806, 0.0004560840000067401, 0.0004695190000347793, 0.0004482399999687914, 0.0004602320000230975, 0.0004489010000270355, 0.0004600209999807703, 0.00044802899992646417, 0.0004972510000698094, 0.00044731799994224275, 0.00045011300005626254, 0.0004663839999921038, 0.0004473180000559296, 0.00046349799993095075, 0.00045064400001137983, 0.00045763700006773433, 0.00044766799999251816, 0.00046070300004430464, 0.0004512550000299598, 0.0004562249999935375, 0.00044977200002449536, 0.0004496220000191897, 0.00045969099994636053, 0.00044994200004566665, 0.00045792800005983736, 0.0004505540000536712, 0.0004590300000018033, 0.000450213000021904, 0.00045610400002260576, 0.0004464360000611123, 0.0004546710000568055, 0.00044611600003463536, 0.0004474789999449058, 0.00045737699997516756, 0.0004494919999160629, 0.00045789800003603887, 0.00044660700007170817, 0.0004545119999193048, 0.00045040400004836556, 0.000456675999998879, 0.0004570059999196019, 0.00045700600003328873, 0.0004502140000113286, 0.00044910100007200526, 0.00045754699999633885, 0.00044698700003209524, 0.0004539300000487856, 0.0004486699999688426], "search_avg": 0.000457104560011885, "search_p50": 0.0004542209999840452, "search_p95": 0.0004715578500452011, "search_p99": 0.0005296762900547945}, "sklearn": {"build_time": 0.0005923889999621679, "build_memory_mb": 0.0, "search_avg": 0.001250998640002763, "search_p50": 0.0007254435000731974}, "faiss": {"build_time": 0.001036821999946369, "build_memory_mb": 2.265625, "search_avg": 7.872585999166404e-05, "search_p50": 7.249000003639594e-05}, "annoy": {"build_time": 0.06002693100003853, "build_memory_mb": 6.0, "search_avg": 1.5867859995069013e-05, "search_p50": 1.5217999987271469e-05}}