{"timestamp": 1753578965.53342, "dataset": "small", "config": {"N": 10000, "D": 64, "k": 10}, "repeats": 50, "rust_annie": {"build_time": 0.0024332339999943997, "build_memory_mb": 3.375, "search_times": [0.00043434699999522763, 0.00031125600000336817, 0.0003453799999988405, 0.00030232900000726204, 0.0002957659999935913, 0.0002833340000023554, 0.00032774700000004486, 0.00029716900000664737, 0.0003035709999892333, 0.0003279370000086601, 0.00031106500000532833, 0.00031261800000947915, 0.0003172870000014427, 0.0002959969999949408, 0.000305185000001984, 0.00030880100000274524, 0.00029030599999657625, 0.00029120799999304836, 0.0002956670000031636, 0.0003402499999936026, 0.0002963470000025836, 0.0002961369999923136, 0.0003076090000035947, 0.0003153230000094709, 0.00031439199999283574, 0.0003111249999960819, 0.0003126379999969231, 0.0002924510000070768, 0.00033437000000446915, 0.00029433299999936935, 0.0003043330000025435, 0.00031395100000963794, 0.0003734830000041711, 0.00032611400000348567, 0.000294893999992496, 0.0003027500000030159, 0.000311736000000451, 0.00029428399999176236, 0.0003197509999921522, 0.00031399499999906766, 0.0002890140000033625, 0.00033218500000486983, 0.0003241299999956482, 0.0003249519999997119, 0.00032493099999442165, 0.0003036319999978332, 0.00030432299999461065, 0.0003240799999986166, 0.00032259699999315217, 0.00030457299999397947], "search_avg": 0.000313633059999745, "search_p50": 0.0003110950000007051, "search_p95": 0.0003430714999964834, "search_p99": 0.00040452363999960984}, "sklearn": {"build_time": 0.0005538110000031793, "build_memory_mb": 0.0, "search_avg": 0.0011330547000000025, "search_p50": 0.0005842395000072997}, "faiss": {"build_time": 0.001047291000006112, "build_memory_mb": 2.25390625, "search_avg": 7.41020199998843e-05, "search_p50": 7.009699999827035e-05}, "annoy": {"build_time": 0.059572168000002534, "build_memory_mb": 7.8359375, "search_avg": 1.6409819998841613e-05, "search_p50": 1.5969999999754236e-05}}