{"timestamp": 1753405744.498683, "dataset": "small", "config": {"N": 10000, "D": 64, "k": 10}, "repeats": 50, "rust_annie": {"build_time": 0.002309765999996216, "build_memory_mb": 3.375, "search_times": [0.0004691660000162301, 0.0003011119999882794, 0.00031468800000311603, 0.00031356599998844104, 0.0003022749999672669, 0.0002970250000089436, 0.00030828600000631923, 0.0003220610000198576, 0.0003212589999748161, 0.0003018439999777911, 0.0003014830000438451, 0.0003242749999685657, 0.000307494000026054, 0.00033301199999868913, 0.00031293399996457083, 0.000315940000007231, 0.0003204879999998411, 0.00030186399999365676, 0.00029989000000796295, 0.0003089369999997871, 0.0002989580000303249, 0.00031916599999703976, 0.0003124329999764086, 0.0002955820000352105, 0.0003107800000066163, 0.00030354699998724755, 0.00030962800002498625, 0.0002889689999960865, 0.0002897009999855982, 0.00032004799999185707, 0.00029788599999847065, 0.00029022100000020146, 0.0003011819999869658, 0.00034022099998765043, 0.00029682500002081724, 0.0003085660000010648, 0.0003078849999837985, 0.00031929599998647973, 0.00029697500002612287, 0.0003358870000056413, 0.0002934679999953005, 0.0002999000000158958, 0.00033945400002721726, 0.0003236040000160756, 0.00032233199999609496, 0.0003152780000164057, 0.00030358700001897887, 0.00031321599999500904, 0.0003357069999765372, 0.0003037469999753739], "search_avg": 0.0003134329600004548, "search_p50": 0.00030875150000042595, "search_p95": 0.00033784885001750806, "search_p99": 0.0004059829500022258}, "sklearn": {"build_time": 0.0005397580000021662, "build_memory_mb": 0.0, "search_avg": 0.0011583770800007187, "search_p50": 0.0005806645000063781}, "faiss": {"build_time": 0.0010319969999841305, "build_memory_mb": 2.25, "search_avg": 7.30247800026973e-05, "search_p50": 7.104249999656531e-05}, "annoy": {"build_time": 0.060376063000035174, "build_memory_mb": 7.90234375, "search_avg": 1.6255120002597322e-05, "search_p50": 1.5348499971423735e-05}}