{"timestamp": 1754183832.89723, "dataset": "medium", "config": {"N": 100000, "D": 128, "k": 20}, "repeats": 50, "rust_annie": {"build_time": 0.03166473999999653, "build_memory_mb": 55.0, "search_times": [0.005284265999989657, 0.004722970000003102, 0.004295443000003729, 0.005197174000002747, 0.0054844990000049165, 0.005192656000005513, 0.005196069999996666, 0.005174601999996753, 0.005123776999994334, 0.005106897000004551, 0.005119849999999815, 0.005148241000000553, 0.0052753490000014835, 0.0054058919999988575, 0.0052074320000059515, 0.005165074000004211, 0.005256805000001918, 0.005296518999998057, 0.005566723000001161, 0.005143614000004959, 0.005255673999997157, 0.0052427090000009, 0.00513096000000246, 0.005272433000001797, 0.005145166999994899, 0.005101365000001579, 0.0052067719999939754, 0.005184420000006185, 0.005018450999997981, 0.0045459300000061376, 0.004036941999999044, 0.003906678999996416, 0.004203892999996128, 0.004067758999994453, 0.00407664600000146, 0.004047690999996689, 0.0040291069999938145, 0.004017284999989101, 0.004092675999999074, 0.003966711000003897, 0.0038454549999897836, 0.003885891999999558, 0.003894926999990389, 0.0038623760000007223, 0.0038682389999991074, 0.003939551000001984, 0.0038628770000030954, 0.004176842000006786, 0.003913100999994867, 0.003885410000009415], "search_avg": 0.004680955859999756, "search_p50": 0.005104131000003065, "search_p95": 0.005356674149998497, "search_p99": 0.005526433240003001}, "sklearn": {"build_time": 0.003298725999997032, "build_memory_mb": 0.0, "search_avg": 0.007681525219999799, "search_p50": 0.007062108500008435}, "faiss": {"build_time": 0.007698374000000285, "build_memory_mb": 49.421875, "search_avg": 0.002206992980000564, "search_p50": 0.0022033555000007254}, "annoy": {"build_time": 1.0867634940000102, "build_memory_mb": 67.12109375, "search_avg": 4.739829999920175e-05, "search_p50": 4.51639999923259e-05}}