{"timestamp": 1754011095.57565, "dataset": "small", "config": {"N": 10000, "D": 64, "k": 10}, "repeats": 50, "rust_annie": {"build_time": 0.002431338999997479, "build_memory_mb": 3.39453125, "search_times": [0.00041614500000264343, 0.0003121319999905836, 0.0003101780000065446, 0.0003138339999964046, 0.0003248149999990346, 0.00028312799999241633, 0.00028579199999967386, 0.00031305299999928593, 0.00028004199999998036, 0.0002906120000005785, 0.00030802400000595753, 0.0003253459999967845, 0.00033726899999919624, 0.0003134039999963534, 0.0003289130000041496, 0.0003296840000075463, 0.0003195660000017142, 0.00033808000000590255, 0.0003332710000023553, 0.0003134239999980082, 0.00032263100000307077, 0.0003151869999982182, 0.00028755600000351933, 0.00033336100000269653, 0.0002943780000066454, 0.0003014009999873224, 0.00034534399999586185, 0.00030187200000852954, 0.0003146170000007942, 0.00030454699999893364, 0.00033652700000175173, 0.00032118800000091596, 0.00030675100001076316, 0.00033817999999996573, 0.0003185240000078693, 0.00031919500000299195, 0.0003417869999964296, 0.0003294339999939666, 0.0002930459999959112, 0.00044554000000118776, 0.0003266379999899982, 0.00031300300000225434, 0.00032328300000017407, 0.0003213090000002694, 0.00030499800000427513, 0.0003196060000050238, 0.00032752999999274834, 0.00030755299999896124, 0.00030912600000476687, 0.0002982349999882672], "search_avg": 0.0003199811800001839, "search_p50": 0.00031685550000304374, "search_p95": 0.0003437433499961173, "search_p99": 0.00043113645000190096}, "sklearn": {"build_time": 0.0007261930000055372, "build_memory_mb": 0.0, "search_avg": 0.0011729938799993533, "search_p50": 0.0005706430000032015}, "faiss": {"build_time": 0.001074442000003728, "build_memory_mb": 2.37890625, "search_avg": 7.579896000152075e-05, "search_p50": 7.065599999833694e-05}, "annoy": {"build_time": 0.05993510999999785, "build_memory_mb": 6.015625, "search_avg": 1.6515540000625606e-05, "search_p50": 1.5855000000897235e-05}}