{"timestamp": 1754096864.628632, "dataset": "small", "config": {"N": 10000, "D": 64, "k": 10}, "repeats": 50, "rust_annie": {"build_time": 0.002503386999990198, "build_memory_mb": 3.26953125, "search_times": [0.00045170200002075944, 0.00030949699998927827, 0.0002944590000026892, 0.00030864500001825945, 0.0003040170000190301, 0.0003276099999993676, 0.00030347499998129024, 0.00031659999999078536, 0.000306722000004811, 0.00031304400002341026, 0.00035416000000054737, 0.00029089200000953497, 0.00031128000000535394, 0.0003479880000156754, 0.00031867399999896406, 0.00030291500002022076, 0.0003277910000178963, 0.00029757400000107737, 0.00029634100002340347, 0.00031641999999010295, 0.0003454140000087591, 0.0003037859999892589, 0.0003110589999835156, 0.000331276999986585, 0.0003372179999985292, 0.00031553799999528565, 0.0003129829999863887, 0.00029911699999729535, 0.000300790000011375, 0.00033649599998852864, 0.00032650800000055824, 0.00029745500000899483, 0.00032391400000619797, 0.00031015799999067895, 0.0003255860000024313, 0.00032334299999092764, 0.00030682199999887416, 0.00033674799999516836, 0.00030833499999971536, 0.0003016219999949499, 0.0003124219999790512, 0.00030626000000211206, 0.0003254460000050585, 0.00032126900001117065, 0.0003038160000130574, 0.00031613900000593276, 0.0003079340000056163, 0.00029348599997547353, 0.00030653100000677114, 0.0003257470000050944], "search_avg": 0.00031746050000151625, "search_p50": 0.00031185099999220256, "search_p95": 0.00034682970001256305, "search_p99": 0.00040390642001085535}, "sklearn": {"build_time": 0.0006948740000041198, "build_memory_mb": 0.0, "search_avg": 0.001203176220000728, "search_p50": 0.0006007690000018329}, "faiss": {"build_time": 0.0012087220000012167, "build_memory_mb": 2.375, "search_avg": 7.616189999794187e-05, "search_p50": 6.997999999214244e-05}, "annoy": {"build_time": 0.06064776099998426, "build_memory_mb": 5.89453125, "search_avg": 1.7420579999907205e-05, "search_p50": 1.6511000012542354e-05}}