{"timestamp": 1754270178.050733, "dataset": "small", "config": {"N": 10000, "D": 64, "k": 10}, "repeats": 50, "rust_annie": {"build_time": 0.0025161080000088987, "build_memory_mb": 3.26953125, "search_times": [0.0004309729999931733, 0.00034180700004071696, 0.00032257099996968464, 0.00031476599997404264, 0.0003319579999470079, 0.0003002490000199032, 0.0002832379999517798, 0.0003129629999421013, 0.0003373789999159271, 0.00030324499994094367, 0.00034915000003366004, 0.0003017819999513449, 0.0002993169999854217, 0.0003152069999714513, 0.0003030640000361018, 0.0004118150000067544, 0.00043197699994834693, 0.00036921699995673407, 0.0004167439999491762, 0.00039578700000220124, 0.00031462599997666985, 0.00031616900002973125, 0.0003107189999127513, 0.0002876759999708156, 0.0002829569999676096, 0.0003257460000440915, 0.00033365100000537495, 0.0003143359999739914, 0.00034644499999103573, 0.00030969700003424805, 0.0003235239998957695, 0.0003490600000759514, 0.0004441679999445114, 0.0004310130000249046, 0.0010928259999900547, 0.000542350000046099, 0.00036572099998011254, 0.0003009609999935492, 0.0003118610000001354, 0.00034634500002539426, 0.00032567699997798627, 0.0003123120000054769, 0.0003244939999831331, 0.0002964919999612903, 0.0003199860000222543, 0.00034367000000656844, 0.0006846049999467141, 0.0006687650000003487, 0.000378614000055677, 0.0008955079999850568], "search_avg": 0.0003814636599872756, "search_p50": 0.0003257115000110389, "search_p95": 0.0006774769999708496, "search_p99": 0.0009961401799876053}, "sklearn": {"build_time": 0.0005984440000474933, "build_memory_mb": 0.0, "search_avg": 0.0018862586599993846, "search_p50": 0.0005830299999729505}, "faiss": {"build_time": 0.001080563000073198, "build_memory_mb": 2.375, "search_avg": 7.329872000127579e-05, "search_p50": 7.190899998477107e-05}, "annoy": {"build_time": 0.06141561600009027, "build_memory_mb": 7.96875, "search_avg": 1.5958340009092352e-05, "search_p50": 1.5258000019002793e-05}}