{"timestamp": 1753319378.580589, "dataset": "small", "config": {"N": 10000, "D": 64, "k": 10}, "repeats": 50, "rust_annie": {"build_time": 0.0024231470000017907, "build_memory_mb": 3.39453125, "search_times": [0.00041594900000063717, 0.0003064139999935378, 0.0003124649999790563, 0.0003010270000061155, 0.00033294400000727364, 0.00028149700000312805, 0.000272831000017959, 0.0002880600000025879, 0.00030160500000420143, 0.00028219800000783835, 0.0002862960000129533, 0.0003187899999943511, 0.00029528199999617755, 0.0003019860000108565, 0.0003407979999963118, 0.00028241900000125497, 0.0002891209999802413, 0.00030111300000612573, 0.0002847430000088025, 0.0003232919999902606, 0.0002766670000085014, 0.00029994100000863, 0.0003043000000104712, 0.0002941710000072817, 0.00031472899999585024, 0.0003216719999841189, 0.00029662500000426917, 0.00029745700001626574, 0.0002912559999970199, 0.0003074260000062168, 0.00029162600000631755, 0.00030523200001653095, 0.00029577399999425324, 0.00029560400000150366, 0.00032745300001124633, 0.0002849930000081713, 0.0003230850000193186, 0.00033452599998895494, 0.0003164029999993545, 0.00030080299998758164, 0.00032179300001189404, 0.00028930100000934544, 0.00031561099999066755, 0.0003200990000209458, 0.0003078260000108912, 0.0003029769999898235, 0.0002967759999989994, 0.0003104920000112088, 0.0003001519999941138, 0.0002811659999792937], "search_avg": 0.00030489532000217424, "search_p50": 0.0003010700000061206, "search_p95": 0.00033381409999719833, "search_p99": 0.0003791250099985176}, "sklearn": {"build_time": 0.0005820800000151394, "build_memory_mb": 0.0, "search_avg": 0.0011641928400013058, "search_p50": 0.0005743905000059613}, "faiss": {"build_time": 0.0010994179999954667, "build_memory_mb": 2.375, "search_avg": 7.765947999757827e-05, "search_p50": 7.395349999228529e-05}, "annoy": {"build_time": 0.06067660499999761, "build_memory_mb": 5.91015625, "search_avg": 1.6243879999251474e-05, "search_p50": 1.5654000009135416e-05}}