{"timestamp": 1753492068.673052, "dataset": "small", "config": {"N": 10000, "D": 64, "k": 10}, "repeats": 50, "rust_annie": {"build_time": 0.002268348000001197, "build_memory_mb": 3.25, "search_times": [0.0004558030000225699, 0.00029552300000545983, 0.000343910999987429, 0.0002796130000035646, 0.0002892210000027262, 0.0002828900000224621, 0.0003210110000111399, 0.0003093589999991764, 0.0002988790000131303, 0.00033193100000517006, 0.00030942000000777625, 0.00031318599999963226, 0.0003083169999911206, 0.00030839699999773984, 0.00029999200000929704, 0.00033498700000222925, 0.00029771699999514567, 0.0003042699999866727, 0.00030787599999371196, 0.00031933799999706025, 0.00032239399999411944, 0.0003088079999997717, 0.00034578800000417687, 0.00031572099999266356, 0.00029036300000484516, 0.00032570000001896915, 0.00030045299999414965, 0.0002983280000137256, 0.0003195980000043619, 0.0003089180000017677, 0.00029658500000095955, 0.0003088380000235702, 0.0002975769999977729, 0.00029601500000353553, 0.00029655500000558277, 0.0003337450000060471, 0.00030874800000901814, 0.00028743799998665054, 0.00032784399999741254, 0.0003173540000034336, 0.00029630400001678936, 0.00031750499999816384, 0.0002999010000053204, 0.0003087980000202606, 0.0003339559999915309, 0.0002938199999960034, 0.00032373700000221106, 0.00030983999999989464, 0.0003265020000071672, 0.0002952330000027814], "search_avg": 0.0003124801400031174, "search_p50": 0.00030880300001001615, "search_p95": 0.0003398951999940891, "search_p99": 0.00040189565001355707}, "sklearn": {"build_time": 0.0005978290000143716, "build_memory_mb": 0.0, "search_avg": 0.0014031577199972388, "search_p50": 0.0007174185000025091}, "faiss": {"build_time": 0.0010710660000086136, "build_memory_mb": 2.25, "search_avg": 7.50800800011575e-05, "search_p50": 7.188500001120701e-05}, "annoy": {"build_time": 0.06040469999999232, "build_memory_mb": 9.1796875, "search_avg": 1.7098959998520512e-05, "search_p50": 1.6461000001299908e-05}}