{"timestamp": 1752840691.385415, "dataset": "medium", "config": {"N": 100000, "D": 128, "k": 20}, "repeats": 50, "rust_annie": {"build_time": 0.03719322700000305, "build_memory_mb": 54.16796875, "search_times": [0.010835117999988597, 0.010645545000002699, 0.00986331000000007, 0.00985638800000288, 0.009822094000000448, 0.00988145399999496, 0.010083781000005843, 0.009966793000003804, 0.009872848000000545, 0.009939431999995918, 0.009919184000011683, 0.00989952700000174, 0.009965780999991125, 0.009920096000001877, 0.009884589999998639, 0.01008557400000143, 0.009921388000009301, 0.00990133199999832, 0.009917400999995607, 0.00987949999999671, 0.009929423000002657, 0.00991033799999741, 0.0098931759999914, 0.010101513000009277, 0.009947797999998897, 0.009932188999997038, 0.011658350000004702, 0.012076669999999012, 0.009990107000007242, 0.009921718999990503, 0.009914465999997901, 0.010112583999998037, 0.009923972999999364, 0.009904907999995771, 0.009940022999998632, 0.009928021000007448, 0.009966602000005764, 0.009948229000002584, 0.009901862000006645, 0.010116871999997556, 0.009944982000007485, 0.009910537999999747, 0.009904828000003363, 0.009897303999991891, 0.009886875000006512, 0.009895880999991391, 0.009891672999998491, 0.0101092379999983, 0.009905798999994886, 0.009881785000004584], "search_avg": 0.010046177240000134, "search_p50": 0.009920742000005589, "search_p95": 0.010749810149994942, "search_p99": 0.011871693200001799}, "sklearn": {"build_time": 0.003713879000002862, "build_memory_mb": 0.0, "search_avg": 0.007465562439998337, "search_p50": 0.006889968999999496}, "faiss": {"build_time": 0.007653238000017382, "build_memory_mb": 49.234375, "search_avg": 0.002296336480000036, "search_p50": 0.0022857125000115275}, "annoy": {"build_time": 1.0925859350000167, "build_memory_mb": 67.109375, "search_avg": 4.7700680000275497e-05, "search_p50": 4.740850000928276e-05}}