{"timestamp": 1753233054.024019, "dataset": "small", "config": {"N": 10000, "D": 64, "k": 10}, "repeats": 50, "rust_annie": {"build_time": 0.0028550979999977244, "build_memory_mb": 3.39453125, "search_times": [0.00047220700000139004, 0.0003329609999980221, 0.00030172199998901306, 0.00030990799999131013, 0.00031775300001868345, 0.0003240639999830819, 0.0003059999999948104, 0.00030650100001139435, 0.00032182999999008643, 0.0004911860000049728, 0.0003221309999901223, 0.00031283399999892936, 0.000376402000000553, 0.00029711400000564936, 0.0002831989999947382, 0.00030270400000631525, 0.0002954310000120586, 0.0002907619999916733, 0.000286684000002424, 0.0003137240000228303, 0.00028611299998715367, 0.0002946299999848634, 0.00030654200000412857, 0.00029263600001172563, 0.0002898500000014792, 0.0003045079999992595, 0.00031937599999309896, 0.00030186300000423216, 0.00029334699999594704, 0.00032010600000376144, 0.0002923449999912009, 0.00031142099999215134, 0.000317040999988194, 0.0003065109999909055, 0.00029771500001629647, 0.00032943399997975575, 0.0003084550000096442, 0.0003146169999865833, 0.00033281000000329186, 0.0003079239999976835, 0.00032844200001136414, 0.0003081349999831673, 0.00028469099999028913, 0.0002902309999797126, 0.0003083850000109578, 0.0003226610000126584, 0.00030594099999348146, 0.0002862339999865071, 0.0003395429999955013, 0.00032661899999197885], "search_avg": 0.00031586485999810063, "search_p50": 0.0003080294999904254, "search_p95": 0.0003598154499982796, "search_p99": 0.00048188629000321724}, "sklearn": {"build_time": 0.0006119699999942441, "build_memory_mb": 0.0, "search_avg": 0.001260204319999616, "search_p50": 0.000574571000001356}, "faiss": {"build_time": 0.0010519519999832028, "build_memory_mb": 2.3828125, "search_avg": 7.295731999874988e-05, "search_p50": 7.036600000276394e-05}, "annoy": {"build_time": 0.06173232300000109, "build_memory_mb": 7.37890625, "search_avg": 1.6194019999034026e-05, "search_p50": 1.568949998898006e-05}}