{"timestamp": 1754356344.240087, "dataset": "small", "config": {"N": 10000, "D": 64, "k": 10}, "repeats": 50, "rust_annie": {"build_time": 0.002308292999941841, "build_memory_mb": 3.64453125, "search_times": [0.0005154540000376073, 0.00030960999993112637, 0.00029081499997118954, 0.00028917199995248666, 0.00029084499999498803, 0.00030174600010468566, 0.0003087930000447159, 0.0003372219999846493, 0.0003324630000633988, 0.0003380329999345122, 0.0003310399999918445, 0.0003013850000570528, 0.00027529500005130103, 0.0002968860000009954, 0.0003229449999935241, 0.00031335699998180644, 0.00034009699993475806, 0.00029731600000104663, 0.00033321400007935154, 0.0003401169999506237, 0.00032669399990936654, 0.00031505999993441947, 0.00031054199996560783, 0.0003285049999703915, 0.00029472200003510807, 0.00031859600005645916, 0.0003021859999989829, 0.000299200999961613, 0.0002961639999057297, 0.0003166740000324353, 0.0003275139999914245, 0.00032141199994839553, 0.0003596239999978934, 0.0002923179999925196, 0.0003098009999575879, 0.00031916799991904554, 0.00030755599993881333, 0.0003115539999498651, 0.00032317499994860555, 0.00028589600003670057, 0.000296175000016774, 0.00029936099997485144, 0.000328895999928136, 0.0003143290000480192, 0.00031893700008822634, 0.0003161519999821394, 0.0003284550000444142, 0.0002934089999371281, 0.0003340839999737, 0.00029745699998784403], "search_avg": 0.0003171884399898772, "search_p50": 0.00031384300001491283, "search_p95": 0.00034010799994348416, "search_p99": 0.0004390973000181472}, "sklearn": {"build_time": 0.0005892040001072019, "build_memory_mb": 0.0, "search_avg": 0.0011662070400029734, "search_p50": 0.0005772110000066277}, "faiss": {"build_time": 0.0010801119999541697, "build_memory_mb": 2.375, "search_avg": 7.076128000335302e-05, "search_p50": 6.845849998171616e-05}, "annoy": {"build_time": 0.06065667699999722, "build_memory_mb": 7.34765625, "search_avg": 1.5982920001533784e-05, "search_p50": 1.5483999959542416e-05}}